mysql> create table o_emp(emp_id int, name varchar(20), salary int);
Query OK, 0 rows affected (0.06 sec)

mysql> create table n_emp(emp_id int, name varchar(20), salary int);
Query OK, 0 rows affected (0.06 sec)

mysql> alter table o_emp add primary key(emp_id);
Query OK, 0 rows affected (0.13 sec)
Records: 0  Duplicates: 0  Warnings: 0

mysql> alter table n_emp add primary key(emp_id);
Query OK, 0 rows affected (0.08 sec)
Records: 0  Duplicates: 0  Warnings: 0

mysql> alter table o_emp modify emp_id int not null auto_increment;
Query OK, 0 rows affected (0.09 sec)
Records: 0  Duplicates: 0  Warnings: 0

mysql> alter table n_emp modify emp_id int not null auto_increment;
Query OK, 0 rows affected (0.10 sec)
Records: 0  Duplicates: 0  Warnings: 0

mysql> desc o_emp;
+--------+-------------+------+-----+---------+----------------+
| Field  | Type        | Null | Key | Default | Extra          |
+--------+-------------+------+-----+---------+----------------+
| emp_id | int         | NO   | PRI | NULL    | auto_increment |
| name   | varchar(20) | YES  |     | NULL    |                |
| salary | int         | YES  |     | NULL    |                |
+--------+-------------+------+-----+---------+----------------+
3 rows in set (0.01 sec)

mysql> desc n_emp;
+--------+-------------+------+-----+---------+----------------+
| Field  | Type        | Null | Key | Default | Extra          |
+--------+-------------+------+-----+---------+----------------+
| emp_id | int         | NO   | PRI | NULL    | auto_increment |
| name   | varchar(20) | YES  |     | NULL    |                |
| salary | int         | YES  |     | NULL    |                |
+--------+-------------+------+-----+---------+----------------+
3 rows in set (0.00 sec)

mysql> insert into o_emp(emp_id, name, salary) values
    -> (1, 'Onkar', 50000),
    -> (2, 'Rajesh', 70000),
    -> (3, 'Mayank', 40000),
    -> (4, 'Shreyas', 65000),
    -> (5, 'Bharat', 95000);
Query OK, 5 rows affected (0.02 sec)
Records: 5  Duplicates: 0  Warnings: 0

mysql> select * from o_emp;
+--------+---------+--------+
| emp_id | name    | salary |
+--------+---------+--------+
|      1 | Onkar   |  50000 |
|      2 | Rajesh  |  70000 |
|      3 | Mayank  |  40000 |
|      4 | Shreyas |  65000 |
|      5 | Bharat  |  95000 |
+--------+---------+--------+
5 rows in set (0.00 sec)

mysql> select * from n_emp;
Empty set (0.00 sec)

mysql> delimiter //
mysql> create procedure merge()
    -> begin
    -> declare eid int;
    -> declare flag boolean;
    -> declare c1 cursor for select emp_id from o_emp;
    -> declare continue handler for not found set flag=true;
    -> open c1;
    -> l1 : loop
    -> fetch c1 into eid;
    -> if not exists (select * from n_emp where emp_id=eid) then
    -> insert into n_emp select * from o_emp where emp_id=eid;
    -> end if;
    -> if flag then
    -> close c1;
    -> leave l1;
    -> end if;
    -> end loop l1;
    -> end;
    -> //
Query OK, 0 rows affected (0.01 sec)

mysql> delimiter ;
mysql> call merge();
Query OK, 0 rows affected (0.03 sec)

mysql> insert into n_emp(emp_id, name, salary) values
    -> (1, 'Onkar', 50000);
Query OK, 1 row affected (0.01 sec)

mysql> select * from n_emp;
+--------+-------+--------+
| emp_id | name  | salary |
+--------+-------+--------+
|      1 | Onkar |  50000 |
+--------+-------+--------+
1 row in set (0.00 sec)

mysql> select * from o_emp;
+--------+---------+--------+
| emp_id | name    | salary |
+--------+---------+--------+
|      1 | Onkar   |  50000 |
|      2 | Rajesh  |  70000 |
|      3 | Mayank  |  40000 |
|      4 | Shreyas |  65000 |
|      5 | Bharat  |  95000 |
+--------+---------+--------+
5 rows in set (0.00 sec)

mysql> call merge();
Query OK, 0 rows affected (0.03 sec)

mysql> select * from n_emp;
+--------+---------+--------+
| emp_id | name    | salary |
+--------+---------+--------+
|      1 | Onkar   |  50000 |
|      2 | Rajesh  |  70000 |
|      3 | Mayank  |  40000 |
|      4 | Shreyas |  65000 |
|      5 | Bharat  |  95000 |
+--------+---------+--------+
5 rows in set (0.00 sec)
